"id","quote","review"
"rn132961651","we just had to try it","We had to try a McDonald's in the home of fast food. No different to anywhere else. You know what you are going to get, so there is no excitement before or after."
"rn132961100","Clean, quick, good food","Really cute Mcdonalds here, I liked the decor, the staff seemed really happy to be working there, and it was clean. I was slightly disappointed that they didnt know what a double cheeseburger but hey ho, I gathered id have to just wait till I...More"
"rn132835777","Push, Shove, and Hang On","One of the busiest McDonalds ever. Prefer Danny's next to the Edison. Better food, better prices, and quieter."
"rn132582417","It's just big","I can say there is very few differences between the McDonald's here in the U.K and the ones there. HOWEVER, they are just so much bigger. The drinks are huge! The menu is somewhat different from here, but if you want something that you would...More"
"rn132236722","Wow!","One if not the best Mcdonalds I've ever been to. I've been quite a few times for someone who doesn't like fast food. Everytime has been perfect."
"rn131864920","It's McDonald's","We stayed at the Doubletree next door so this was convenient. Had oatmeal on two occasions and bought soda a few other times. We waited to put our order in,it was very crowded but prices were good and upstairs had plenty of seating. Would go...More"
"rn131543699","Mickey D's rocks","I thought there would be a big Manhattan mark up, but everything was very reasonable. Great place to take a kid, and know they will eat. Hey they are so familiar with the menu they can make their order without reading."
"rn131160838","Yep, it's McDonald's","Just like any other McDonald's in the US. We went in and ate there for the size. it is quite large on Time Square."
"rn130277297","great breakfast.","Although a very busy spot in Times square, we enjoyed a hot cup of coffee and a hot breakfast without having to wait."
"rn130015642","A good spot for breakfast","Free wifi and a hot bowl of oatmeal was a great start to my mornings while in NYC. McDonalds on 7th ave near hotel penn was the location for us!"
"rn592545240","Very Busy Place","One of the busiest McDonald's locations due to its location. There is a chance for your order to be missing something. Just be patient; eat and go. There is no relaxing there"
"rn591883412","Simply delicious","Best spot to have a tasty cheese! yummy yummy . I dont do reviews often but mcchickens really know the power of location!!!"
"rn591719287","Disgusting ","I really hate this I did not get what I ordered and I found a maggot in my burger DO NOT GO HERE!!!!"
"rn591610464","Quick bite","You can eat nice meals at this outlet of Mc Donalds. It is right next to Madamme Tussauds in Broadway. There is no problem of choosing a seat as they have a huge dining area in the outlet.."
"rn590480433","Quite bite while shopping","Had a quick bite here with a friend! The place was full. We eventually got our food. It was an ok experience. Nothing out of the ordinary occurred."
"rn590311814","McDonalds, what more can I say?","Just another McDonald's like many others. The only difference with this one is....ITS PACKED 24/7. Same food and service."
"rn589986861","I almost threw up","So one day I decided to get take out.Bad Idea. I almost threw up with the Bigmac in the rubbish. I once liked McDonald's it now it's just sad."
"rn587896130","Horrific","Went twice for breakfast as it was really convenient.
Food ok. Service miserable and virtually unintelligible.
First visit found a cockroach on the restroom floor. Made the error of going again. This time there was human excrement on the floor.
Toilets and room were already...More"
"rn587444183","Breakfast","Had breakfast there every morning, close to hotel. Breakfasts were always served quickly and I thought the staff were very gracious considering how busy they were"
"rn586941062","Just a Macs but right at Times Squre. People watching heaven!","Needed a simple coffee hit with a snack. MACS is the place so this Times Sq location waz ideal. Coffee good and cheap! Warning large means ginormous! Like a bucket of coffee. Great place to watch the traffic go by if you sit by the...More"
"rn584855962","Good and cheap breakfast","We stopped here for breakfast before heading out for a day of adventure in New York. It provided a cheap yet good breakfast. Our son really wanted pancakes and this seemed to keep him happy.
It was clean. You do have to use your receipt...More"
"rn584648476","McDonald's for tourists!","Never review McDonald's But the one is so cute. It's right in the heart of time square and has a very nice in the seating area . Looks like a little theater and has a beautiful meal off the Statue of Liberty . A touristy...More"
"rn584007488","Nice and quick","We stopped here a couple of times for a quick breakfast and snack. We found the service to be quick and reliable. Is a good McDonalds."
"rn580514869","Good McD","Fast service and your basic McDonald's selection, we had the Shakes and they were good and as expected. No problems and no line on a weekday."
"rn579835026","Mc donald is just wow","I loved the place have the front view of Time Square and the food was also Amazing But the Place was very small to handle alot of People and it was very crowed"
"rn579124331","GREAT LOCATION","WE always stop here when in Times Square since it is convenient to the ticket booth across the street and McDonalds has the best coffee for the price. It is always crowded so that should say something. You can sit upstairs and enjoy the view...More"
"rn579117389","Good Oatmeal","I actually never go to mcdonalds at home, but this was a good place to get decent oatmeal for breakfast that was fast and very cheap. No complaints here."
"rn578577616","Grrrrrreat resturaunt","The food is so good it's like Tony the tiger's frosted flakes. When you wake up in the morning and your like man I want some corn flakes, you go to mcdonalds"
"rn578229211","Busy","Popped in for a quick bite the place was heaving but we still got our food pretty quick, my negatives are that the food wasn’t piping hot and there was no control with the volume of people"
"rn576335566","Should Have Known Better","We stopped in here after a show to grab a soda and some ice cream. We should have known it would be a zoo, but we did it anyway. It was so hectic. We stayed right in Times Square and there didn't appear to be...More"
"rn574554426","McDonalds in Times Square..","Does not fit the scene (Drama stages, Plays and nightlife of midtown Manhattan) but, fits the budget and speed in getting well known food to eat and continue on hurried tours..MCD food is same everywhere and does not need a rating..amazing how the staff handle...More"
"rn573630397","iconic location","its at the times square....its one of the nicest mcd ...good food...value for money...although thrs huge rush anytime."
"rn573177401","McGood","exceptional Mc nuggets!
Had to wait for a bit to be served but it was midnight and the place was heaving.
Guy dressed in a cannabis suit really made the visit special"
"rn573033966","McDonald's","A unique fast food restaurant in the heart of the city. You get a view of the billboards adver tising all the plays and such. It's also on two levals which is unique for McDonalds.
catdoro@aol.com"
"rn572948508","Poor","For a McDonalds in central New York you'd expect something decent. This is not the case. Probably one of the worst McDonalds I've been too. Place felt unsafe with people selling drugs in the entrance and people sleeping upstairs. Inside it looks dirty and tired....More"
"rn567921309","Horrible food and service - don't expect much","Extremely crowded due to location; food is below average and customer service matches the level of the poor food. Eat somewhere else."
"rn566612426","Just had to visit here!","During a 4 day vacation in New York my wife and I visited this McDonald's on two separate occasions, and for two different reasons!
Firstly for snacks and a brief rest whilst exploring Times Square and Duffy Square, and secondly because we have seen this...More"
"rn566519775","Not the nicest McD's","Eww, not the nicest McDonald's I've been in. The place was dirty (cleanliness is important), the staff was impatient (you have a split second to decide your meal) and the food took forever while you wait in a place you'd like to get out of...More"
"rn563589540","FIlet-O-Slider?","So, had a craving for a filet-o-fish sandwich at Micky D's. When did it become a slider. For $4 and some change, I got a 4 bite fish slider, seriously. When you go fast food for value reasons, and there's NO value, there's no need...More"
"rn562548172","STAY AWAY!","I popped in here at 5am just to get a quick cup of coffee and breakfast sandwich and was harassed by a zillion people pushing me to give them money, buy \"Charlie\" (coke?) and asking me why I wasn't talking to them. The place was...More"
"rn562194119","Rude staff!","McDonald’s is just McDonald’s no matter where you go. This one did feel quite grubby and the staff are quite moody/miserable and shouty. Probably fed up of tourists but if staff at our McDonald’s ( U.K ) spoke to customers the same way they’d be...More"
"rn562157663","McDonalds has rude staff and is not a nice place to be","What a change in customer service-Staff are abrupt and at times rude. This was our experience on visiting three McDonalds in the Times Square area.
Each time we were buying a meal and drink for a homeless person. The places are busy, messy and no...More"
"rn561932654","Okay","It's a McDonald's, everyone knows all about them. We came for a quick breakfast and just to people watch."
"rn561827839","Best chicken nuggets ","McDonald’s is really good,it has a lot of food. Like Big Macs and some other foods.even though it’s fast food you don’t have to go there a lot!!!"
"rn561508445","Soup kitchen","Unfortunately, if you want to eat as a family in a comfortable dining area, give this place a miss. The place is full of homeless people some of whom have obvious mental health problems. I have no problems with the homeless people or mentally ill...More"
"rn559993283","\"rats\"","This food had a dead rat and a toenail it did not taste very good I just wanted a chicken nugget and they give a disease"
"rn558409576","Great view and restrooms","This place has a great view of Times Square and more importantly it has restroom that was easy to access.... Food is same as at any McDonald's...."
"rn557632805","Grubby","This is about the Mc Ds at Times Square New York. I thought I would try it for the second time in two years but its still grubby, greasy and horrible. Not sure if anything ever gets cleaned. Would not recommend it just for health...More"
"rn557543963","You always know what your getting!","Only The golden arches stay open when the city sleeps. It is kinda comforting and wonderful. Thank you for staying open. Right next door to the DoubleTree by Hilton and right in Times Square."
"rn557444859","it was Nice BUT.......","It was cool and good. But the bad part of my experience was that I got robbed during my meal. Don't get robbed! score before getting robbed: 9/10"
"rn557429820","Late night visit","Typical McDonald’s and what you’d expect really, the service was good and the staff were polite however the food here was cold and unappetising, there are plenty of other place in Times Square to eat so take a look around unless you love McDonald’s I...More"
"rn557214867","Too crowded","Well, what to say :D You know what to expect and on what you can count on. I like McDonald's because I know what type of food and prices to expect and also I know there is free wifi and good service.
In most cases,...More"
"rn555116280","LESSONS TO BE LEARNT","Went in here as we were tired from sight seeing all day and assumed that we could expect a reasonable service. FORGET IT... rude staff serious attitude issues and the place was filthy. Staff obviously didn't want to be there and so rude. I thought...More"
"rn554426776","Crazy Busy but great buzz","before arriving to new york i did a lot of research as to where we should eat etc etc.
Times Square was on the plan to visit. and also pop into mcdonalds there if we wanted too.
we eat there twice. its busy, but not...More"
"rn554419255","BEWARE!!! The HOMELESS have taken over!!!","You cannot use the dining rooms in this location, or three others that I have attempted to use in the midtown area! The restrooms are filthy and this location had a used syringe on the restroom floor, as everything is a tremendously filthy disaster! The...More"
"rn553535701","Great views","My family and myself visited this McDonald's on the morning before leaving for home. The food was great as expected and the staff were very friendly. We sat upstairs at a window with a great view onto times square. A great place to sit, eat...More"
"rn552467136","Thank God for McD","Say what you want, damned if you do, and damned if you dont, but that 2 for $3 McChicken, with some hot fries and a cup of hot coffee really saves the day, if you just got off the subway from the Bronx.
There was...More"
"rn552345125","Very busy","Went here to get coffee before heading out to Niagara Falls, it was 5am and very packed with alot of drunk people. Restaurant was clean tho."
"rn551538838","Very crowded and hard to find a seat.","Crowded as sh#$! It was hard to find a seat and the lady's bathroom was closed (it looked permanently closed). So all the women were standing at the men's room waiting to use it. The food was typical Mickey D's food, just fair."
"rn551311638","Fat food for fat people","Sometimes you gota go to McD. This one is dirty and full of very fat people. Food bad, fries cold. Shake full of sawdust or something. Will resist harder next time."
"rn549051231","Yeah Nah","A very busy McDonalds due to its location (Times Square), but it is nothing special. Not a lot to recommend."
"rn548434315","Poor service","You can expect the worst service at this location. They get so busy that they don't really care how quickly or well organized the lines are. The cashiers randomly walk of register and go in back leaving those in the long line wondering if they...More"
"rn548311776","Very surprising -","If this is the one next to Doubletree Hotel, on Times Square , it is very surprising! Convenient for our breakfast (about the only thing I eat from McDonalds), and of course so much more affordable, and dependable - it was always busy, busy, busy,...More"
"rn547923825","A pretty standard McDonalds ","Located at the northern end of Times Square, it’s a pretty standard McDonalds, but overpriced due to its location.
The burgers weren’t entirely fresh, which is strange considering the footfall through here at the time we visited (midnight). Chips ok.
Clearly than man sitting on...More"
"rn546737092","Terrible breakfast","My wife and I had breakfast at McDonalds one morning while staying in New York (1st to 10th November) and it was awful.
The muffin tasted like a sugar bun, it was disgusting. I don’t recommend breakfast here. The Mc muffins are better in Australia."
"rn545851536","First stop on arrival","Excellent Mcdonalds. Plenty of seating. Nice clean place to eat. Service excellent and the burgers and other food was great."
"rn542282400","This is a fast food outlet, very porpuler in US.","If you want a fast bite, you have to go to this place known for its wonderful burgers. The menu provide a variety of dishes which they prepare while you wait."
"rn541445642","mcdonalds thats more about the experience than the food","usual good food here- but what a place of energy n sights to see ( people n places)- be prepared to push, to speak up, to hold your ground- but also get your regular MCDONALDS food"
"rn540308450","Times Square","Can't find a better view than McDonalds. Get a seat on the second floor and watch the action on Times Square. Great coffee too."
"rn540002233","great views","good service and great views from 1st floor windows of Times Sq.Always got a seat and all staff pleasant"
"rn539770114","The same the world over","We entered McDonalds, the queues the noise, the people are exactly the same as every other McDonalds the world over."
"rn538390226","Always ","Love the RM1 ice cream.Very worth and i love it sooooooo much.And when i go here i will buy a set of mc chicken and mac burger"
"rn535174909","Over cooked and slow service","One night it was quite late and we hadn't eaten, decide to eat something that was going to be reliable and cheap. We waited 20/30 minutes for the food which was overcooked and disappointing. Should have gone to another one a few blocks away."
"rn535127948","The food was good...","Considering we were in Times Square NYC we expected the McDonald's on Broadway to be top notch - if not a flagship store, yet the service from the staff was grumpy and abrupt, and the interior looked like it hadn’t had a decent clean in...More"
"rn532444997","Exactly as Expected","This is food when you need it in a hurry. In addition it is very edible. I am glad it is there. It may not be dependable, but it is consistent."
"rn532139147","Breakfast at Mickey D's in Time Square","Saving money on breakfast at our Times Square hotel by eating at McDonalds. Fast service, same quality food as others, great coffee, and not much more than suburban McD's."
"rn532132259","Madhouse McDonalds","We stopped to grab a coffee and an Egg McMuffin at McDonalds and I have to say this one is a madhouse. The food was the same quality you get at any McDonalds but there are so many people in this particular McDonalds that it...More"
"rn531797102","Very good restaurant","The place is great but a bit crowded and have to wait a bit to have your snack. The food is hamburger a very good burger, the snack is very tasty but a bit greasy but worth it for the taste of it. This restaurant...More"
"rn530782351","Very very very busy !","This Mc Donald's was next door to our hotel, only visited once to get a milkshake on a very hot day but passed by everyday, it was exceptionally busy at most times of the day which was to be expected with its location, it offered...More"
"rn530603369","Worst experience ever , filthy, loud and rude, not to mention the worst Mcdonald’s food ever ","Worst experience ever! First we enter and there’s a lady sitting on the steps that are roped off so you can’t sit upstairs,she mumbles something and points to a sign that they are only taking cash we waited 20 min in line to order and...More"
"rn530266689","Morning at McDonalds","Had breakfast here on our last morning; good food, good service.
The restaurant seating area upstairs provides a nice view over Times Square."
"rn529058663","Poor Staff, Food is Ok","We were Greeted by 2 Young Ladies who were to busy checking out a guy to even care about our food order. When we started to order they still continued to laugh and smirk about the guy that just left."
"rn527123638","Good and Reasonable","Close to hotel and cheap for New York standards. Service was good and order came out quick. Lots of seating. Steady flow of customers while there."
"rn525746253","Quick snack and an excuse to use the restroom","While we were at Times Square strolling around, we entered Mc Donald's to have a quick snack and use the restrooms. It was well decorated and very attractive to youngsters. General prices were not that cheap considering taking quick snacks and drinks."
"rn524466326","Great for McDonalds","Smack in the middle of Times Square by the TKTS line, this is just a McDonald's, but inside it is decorated with murals and memorabilia of Broadway and NYC. It also has a bathroom, which can be hard to find. I gave it a high...More"
"rn522205055","Its McDs","It is McDonalds so \"it is what it is\" but my daughter loves it. It gets an extra rating as the inside was not like a regular McDonalds, it was very nice inside and clean"
"rn519909767","It's McDonalds.....","Typical McDonalds in a very busy location. Even though it was packed, the staff move the lines very quickly.
Washroom lines are typically very long but I think its because non-guests are using them."
"rn519717932","A Bite @ Night ","We were trying to eat something late at night (12:30 am) but all restaurants were closed... Finally, we saw McDonald's... My 15 years old daughter never had McDonald's before... with that said, I haven't been in McDonald's for a while. Nevertheless, we ordered 2 Big...More"
"rn519505706","Not consistent ","Called in here on a number of times during our seven day vacation. On my first visit I had my first American strawberry mikshake, so much better than the UK version.
But on the second and third visits it wasn't available for different reasons?"
"rn517737700","Good","The meal is so good and sunday is perfect with extra chocolote and people is friendly
Air condition all the time"
"rn517675492","Super busy..but fast","Super busy but the service was fast. We didn't wait long and seating was available. Good was fresh and workers were polite."
"rn515025317","Bad even for McDonald's","The line for the bathroom was crazy long, also the women's room is upstairs and the men's was downstairs; several women waited in line for 5 minutes before noticing this. No refills on drinks. Had to move around twice to let one of the works...More"
"rn514317712","One of the only bathrooms in Times Square!","Bathrooms are hard to find in the this area! Going to McDonald's and purchasing drinks made it easy and convenient to use facilities without having to go back to the hotel room!"
"rn511542362","Saved the food budget for lunch and dinner","Two streets from our hotel. I like McDonald's coffee and lattes, so a good wake me up to look at guidebooks for our busy morning sightseeing. It was clean enough, but a lot of people with few apparent resources, frequent this standby. It was very...More"
"rn510717145","busiest MC D's in the USA","quick coffee, quick service and plenty of seats if you need to relax or just need some AC due to the summer heat!"
"rn509066158","Not great at all. Just felt dirty. I know it busy place but this was middle Sunday afternoon","We had been up early so we could get our different routes of bus tours in and it was by now middle of the afternoon on a not so warm Sunday afternoon in mid May. It was not that busy in here yet it took...More"
"rn506886799","Don't go","There is great food in NY please don't go to McDonalds or any other national chain. Try the local restaurants. Lot of great Irish Pubs"
"rn506225574","Times Square Mickey Ds","A regular priced McDs at Times Square with service around the clock. Even though the crowds are huge, they serve you quickly with speed and accuracy. Very impressed with this McDs"
"rn502164062","Can't go wrong with McDonalds.","I found the prices to be cheaper here than in my own city How could that be Nevertheless I love McDonalds."
"rn494978296","this is the only place open when the new york city light dim.","Only The golden arches stay open when the city sleeps. It is kinda creepy yet wonderful. Thank you for staying open. Who knows when the ice cream craving or burger and fries hits."
"rn494924984","Fun location to watch the activity below","I know its McDonalds, but I really enjoyed the location. After grabbing a quick snack and something to drink, I sat on the second floor and watched the activity below. It was also a handy spot because it had a restroom, but be ready for...More"
"rn493347697","Very crowded and slow service","Place is always over crowded , the staff is slow with poor response. The veg snack served are good and fresh. The coffee was good and well prepared."
"rn493166355","Cheap alternative for breakfast.","Right next door to the DoubleTree by Hilton and right in Times Square. Dollar menu is like a $2.50 menu, but cheaper by far from all other eating options if you're looking to conserve money. Would definitely recommend for breakfast."
"rn489967971","Very slow service!","Just stopped in to grab a quick to-go breakfast sandwich on the way to airport. They were not busy and it took way to long. The poor cashier not only had to take the order, she had to make the drinks and get order ready...More"
"rn489490267","Always busy","Being right in the heart of Times Square, this was always busy. It struck me as not being as nicely clean as most McDonald's. Not noticeably more expensive than other McDonald's"
"rn489436515","Beware if you have an Aussie accent!!","It's typically McDonald's and you get exactly what you order, so the food was great. However, having an Auusie accent proved to be sonewhat of a challenge when placing our order. With the loud background noise and asking for a bottle of water, rather than...More"
"rn487835700","potty break at McDonald's","They say that McDonald's is New York's bathroom. Well guess what? Come on in and relieve yourself. Other than that there are also lots of places to sit inside, charge your phone, or just relax. A guy I saw dropped a nugget on the floor...More"
"rn485294109","Don't bother","I expected a lot better but don't bother chicken nuggets horrible nicer at home and cheaper not a great selection"
"rn482694574","Sketchy area-Good McDonalds food","This McDonalds has some sketchy characters and homeless people all around. It does serve your standard McDonalds food. My egg mcmuffins were very good one morning."
"rn482546380","Avoid","What a horrible experience. The staff member left us waiting so long we abandoned her till. The next server deliver the order, two cold burgers. I threw mine straight in the bin... gross."
"rn481665692","Quick Bite","It's a McDonalds in Times Square. Not much to say. Grab a quick bite at a decent price if chain fast food is your desire."
"rn479015640","Right dab in the heart of Times Square.","This McDonald's open 24/7 right in the heart of Times Square, across from the famous red steps. Always busy, but enough staff to keep it moving fairly fast.
Staff could be a tad more friendly but other than that good service."
"rn478711681","Great spot for Macy's Parade","Usual affordable comfort food in a great location that makes it a great spot to hit the rest room and grab food on-the-go."
"rn478175840","What do you expect","Over the top busy and the mix of tourists, locals and homeless turn it into a zoo with all the body odor you can take. i know they can't refuse service but it was a really rough bunch in the line. but wow were they...More"
"rn477142826","New York","The food taste like a regular McDonald's in 2007.At least they let you use the restrooms.The White Castle restrooms are all locked up...-Anthony"
"rn475397247","Super Busy","This location is super busy but it is still McDonald's. I would come back here with friends after touring the city. The service was average."
"rn475231504","Blood all over the bathroom floor and wall","Disgusting hygeine, I've seen better hygeine at a dump. The walls were covered in blood and the toilet seat too looked like someone had decided to create art using bodily fluids. Disgusting."
"rn475071412","Not very clean and toilets were awful","Usual McDonald's food but the cleanliness was poor and avoid the toilets if you can. People were coming in to sit without ordering food but the staff didn't seem willing to move them. Not the best McDonald's experience we've had."
"rn473553850","Overlooking Times Square","A window seat upstairs.
My first meal in New York. Went straight to it after moments if indecision of where to to get a meal: good old trustworthy Big Mac. Always handy for a friend in a foreign land.
But this time, it is the...More"
"rn472934126","Awful","Arrived late into Manhatten, so decided on a quick bite.
I think the Quantity of food being made, may affect the quality, as the Worst McDonald's take away ive ever had.
Chicken select Strips , dry over cooked, or just been sitting there. My boys...More"
"rn472915395","Quick and easy.","Seemed slightly better than normal McDonalds but that could just be the location of Times Square. It is busy but quick service and probably the cheapest food you can get in Times Square. 2 Big Macs 20 nuggets, 1 grilled chicken burger, 3 fries ,...More"
"rn471254277","Not Feeling It","It's a typical McDonalds except it's right in the heart of Times Square. Registers are all busy and the lines are out the door. The servers are friendly, but overworked. Lots of seating, but restaurant was very busy and therefore dirty. In the South, they...More"
"rn470966815","Excellent..if you can get served!","McDonald's in Times Square is extremely busy.
If you really want a McDonald's meal then visiting in the daytime would be your best bet.In the evening you just can't get served,the place is busting at the seams with customers.
Still worth going in though just...More"
"rn470173587","Cheap and quick","It's McDonald's! Just like at home. More expensive, but not outrageous . It fit our hungry and just in from traveling and not knowing anywhere bill. It is huge here but so crowed!"
"rn468126037","I'm Lovin this McDonalds","This McDonalds is located in Times Square and serves all your favorites from Big Macs to French Fries and Shakes. Reasonably prices but Very BUSY....."
"rn467410644","Same Same","Had several breakfasts here and it was its usual nice food, great pancakes and breakfast burittas as well we dont have that type in Australia."
"rn466300329","Used the restroom","Didn't eat their. I'm in New York for goodness sake, go to Katz's. God Bless McDonald's though for clean restrooms. As there are very few places to use a public restroom in NY that are available and or clean, thank you McDonald's for available clean...More"
"rn466288773","An enchanted M","The McDonald's logo which is Golden Arches making an M is mega size here didn't eat here but loved the M it was ft.In the move enchanted when the prince comes out of the sewer and jumps on the roof of the cab the M...More"
"rn465803796","Mega-McD","If you like big McDonalds this is the place for you. For us this was a place to used the restroom or the cost of a soda. Oddly the restrooms are small and there seems to be a perpetual line."
"rn465171868","Rude staff that just don't care","Mcdonalds food is same all over the world but I'm reviewing the staff here.
They are so rude. Abrupt and ignorant. They have no customer care."
"rn461428464","Stopped in for lunch on 8th near our hotel.Had lunch.The great thing about McDonalds is it's good food and cheep.","Service was very fast, courteous. We ordered grilled chicken burgers for the first time and they were really great.Much lower in calories than some of the other choises."
"rn461264128","Cheap, tasty and simple","If you visit such an expensive city, you have to visit McDonald's! It's cheap, quick, and you can even refill your drinks on most locations. Do avoid the one in Times Square. It's chaotic, difficult to find where to sit. I was chocked to know...More"
"rn458351760","American McDonalds","The usual American McDonalds, All day breakfast, your burger meal and drinks.. My favourite meal here was the Buttermilk chicken burger, this was different from the usual British meal but most enjoyable and tasty."
"rn457751047","Standard Fare","I was staying at the Novotel around the corner, Macca's provided a good cheap breakfast option compared to $50 at the hotel. Very convenient and very cheap - just what to expect from McDonald's."
"rn457738698","Great for a quick bite!","Sometimes you just need a quick snap that is reliable-McDonalds delivers. Fast and friendly staff with no surprises and coffee much cheaper than Starbucks!"
"rn454836844","Not worth dropping by","Hardly any seating; and it was not a busy day. Staff was friendly; food was ok; ordered a breakfast and ended up eating only the pancakes. Coffee was good. Would skip this McDonald's and go to a real sit down restaurant."
"rn454557725","Space to rest upstairs","Feeling worn out from walking everywhere, then grab a quick McD and head upstairs. You might even be lucky enough to get a seat by the windows and overlooking Times Square."
"rn454146353","No Vegan Options","McDonald's fries all of their items in animal fat and beef flavor. This increases the meat taste in their fries and nuggets. Therefore, nothing but a plain salad with no dressing is Vegan. You mine as well not even try to eat a salad here...More"
"rn454068395","My go to","First off all it has an amazing location so each time I'm hurried to go somewhere and don't have time to cook I would just go down and get a burger with french-fries even if of course there is a long queue cz DUH it's...More"
"rn453482992","Very long time to get served","It was utter chaos in there but i understand that this is prime location and that many people had to get served. Typical mcdonalds food."
"rn451578573","Busiest McDonalds but very fast service","Always surprised how busy this location is right in Times Square but the lines are among the fastest there is and they never seem to run out of food."
"rn450574350","Cold \"slow food\"","Popped in here for a quick bite after the theater. Despite having to wait awhile for the food to be served all the food was luke warm and the cheeseburger buns fairly dry and stale. Not McDonald's at its best."
"rn450550815","Well Fed","Some of the best MD's I've ever had. The entertainment was particularly good, my girlfriend ate 30 nuggets in 20 seconds!!I also stumbled upon a mirror on route to the little boys room, I've now accepted that I look disabled, in McDonalds. Come on 2017"
"rn449653510","Homeless people bothering customers - not professional","Wanted to grab a quick bite before heading home. The service was quick, food wasn't bad either.
What ruined it was homeless people!!! I understand they are trying to ask for food and stay warm... but their unsanitary manners made me puke!
One of them...More"
"rn448860395","Excellent, quick, convenient,","L o nd pls e but c o conveniently located. Food was excellent and seating galore....great quick meal place."
"rn447117185","Massive Mcdonalds","People might question why I'm reviewing a McDonald's but this isn't any old McDonald's it's in the heart of Time square & is iconic.
It's the same menu but what's different is that on the breakfast muffins they have the branded M on the top...More"
"rn444324663","Tasty","Called in here for a quick lunch. Although very busy they were very efficient. Service was quick and we sat upstairs. It was kept clean."
"rn443042306","Wouldn't go back if you paid me. ","Service was the worst I've ever received, incredibly rude. Didn't even look at us as we tried to order, threw our receipt at us. Managed to get a very simple order wrong, and ended up being cold.
I've never been spoken to or treated like...More"
"rn442880271","Bad","Food was cold and customer service sucked. I had to wait about an hour for a burger and it was cold. Ridiculous"
"rn442632970","Avoid","Horrible service!!
Be prepared for long waiting times. even at midnight.
We had a very slow service on a Friday night. It was very busy with long lines. The person taking the order had also to collect it. This did not work at all. The...More"
"rn442615863","Classic","It's exactly what you would expect from McD's. It's cheap, quick and you know exactly what you are going to get. If you want a quick foods stop, give it a try and you won't be disappointed."
"rn441791525","Dirty, sleazy, loiterers,,,,,avoid","Just wanted to grab a quick soda on a walk downtown. Went in here. Dirty place. One person dragging a mop around, over the food on the floor. Greasy, no place to sit, YECCH. Ronald wouldn't even go here,,,,,,,,"
"rn440198058","Quick and BUsy","Stopped in here several times for coffee and hot chocolate. My kids love the hot chocolate and even though it was always busy they processed the orders pretty quick"
"rn439405465","McDonald’s goes to Broadway","This McDonald’s is across the street from the Lyric theatre and adjacent to Ripleys. They seem to be prepared for large crowds because the staff are very efficient and get you serviced quite rapidly. There are obviously plenty of places to eat on 42nd street...More"
"rn436661428","Amazing place. Hate and lovebin one","It is amazing place. A lot of people but also a lot od working there and You will be served in 5 minutes. And the magic of time squere. Other side - is very dirty restaurant and it looks not nice for a palce for...More"
"rn435382537","Standard McDonalds","Just your average McDonald's. Menu is more expensive due to location. Staff were helpful and good tasted exactly what you would expect!"
"rn435041245","What a Interesting visit","Stopped in here for an egg delite - a pregnant woman asked for money for breakfast! That does not happen everyday! But the breakfast was fine and the service fast"
"rn432765423","Its a MCdONALDS!","Very popular spot for people using the bathroom....staff are as surly as possible but understandable considering the crowds they have to deal with everyday"
"rn430450660","Good value, fast service, clean restrooms, food not bad!","AT home I am not near a McDonalds so I tried this one when staying in NY. Actually all of the food was pretty good, except I would avoid the apple pie. The Artisan Chicken sandwich with side salad had plenty of chicken and was...More"
"rn429339651","Avoid","We called in for coffee before we went on the hop on bus tour. There appeared to be no system to wait to be served and to say it was fast food was an understatement. We left and went elsewhere. The staff were ignorant &...More"
"rn427933972","The absolute pits avoid at all costs ","So bad so avoid it like the plague
Worst McDonald's meal I have ever had period
Burger was terrible and dry
The tenders overlooked so much you could not taste the chicken
Nothing like McDonald's in Australia"
"rn422917082","Good","We went there for breakfast, it was packed, yes, the place for family economical breakfast. they gave good and fast service."
"rn421991912","avoid","We only went in for a quick meal in the evening; it was under-staffed, crowded, dirty and the worst aspect were the toilets. I wanted to use the toilet before eating, after entering the toilets and waiting a few minutes, I went back out and...More"
"rn421319017","Right on Times Square","Exceptionally busy but it is on Times Square.
Very quick to take your order and money BUT when order was eventually ready it was missing some items.
Again no seating on lower floor.
Usual Mcdonald's fare"
"rn419323531","Not Clean!","We visited to grab a quick meal.... This location was very dirty, we refused to eat there. With lots of people in Times Dquare they need to be on top of being tidy and clean."
"rn418106561","Shocking","We popped in for a burger. Only 1 on till and stood for 20mins only one customer in front of us,but the girl was having problems with tell them to hurry up and pay!!! Just kept chatting so we left !! Got one just off...More"
"rn416661034","same old same old","Pretty fast service considering the amount of people. We visited early evening. A lot of seating! You need a code to use the bathroom so purchasing something is a must if you need to use the bathroom. Pretty good views from upstairs"
"rn415873638","Excellent location, long lineups","This is one of the few fast food places still on Times Square so it's very popular and incredibly busy in peak periods. I had to wait in line for 10 minutes to order. But if you don't want to waste 2 hours in a...More"
"rn415157523","Crowded but fast and friendly","Went around midnight and it was SUPER crowded, but there was about 10 lines open and the workers were really friendly. Food was good and hot."
"rn414710415","litte bit expensive against other mc donalds and so crowed..","This branch of mcdonalds more expensive than other branches. I guess, this is based of its location. And so crowded.
I love mcdonalds ;) So these are not problem for me. I hope for you too."
"rn408961271","Quick Breakfast!","We grabbed breakfast here before hitting the city bus tours. Hey its McDonalds but things are clean, food was good fresh and hot! Several levels lots of seating it is a big spot!!"
"rn408066541","Standard McDonals at the best location in the world","We had a quick snack and got good McDonalds food for a reasonable price and with not too much wait, considering the crowds of people everywhere."
"rn407691252","Ehhh...","McDonalds is what it is. Fast food cheap. Service was fast. Asked to buy a glass of water and was told I had to buy a dasani. Hubby does not like dasani. Asked again and offered to buy a glass of water and was ignored....More"
"rn407343705","Fastest food ever","This is an iconic fastfood restaurant in the most famous place on the planet. Have your meal and sit on the steps of Times square."
"rn406975654","big","big mac was good, service was good, what i expect when eating fast food, enjoyed the atmosphere at this spot"
"rn404323649","Good Eats","Same price, selection on menu and cleanliness as any McDonald's I have experienced. Nice people, very busy but efficient as possible.
Would recommend this place for quick and easy access for meals, drinks, or snack.."
"rn404091716","McDonald's is McDonald's","No matter where you go, its the same old thing. I guess its something you can always rely on. Good for an inexpensive breakfast or just a coffee."
"rn403414227","We ate several breakfasts here","Our hotel was in Times Square so this was an easy walk. After paying a small fortune in other restaurants that had no seating, we started coming here. The prices didn't seem so bad and we were always able to find a place to sit...More"
"rn400091095","slow fast food","we went there twice - once during the day and once late at night.
on both occasions service was very slow - 10+ minute wait in line to order and then another 15 min wait for the food.
our first time we ordered chicken wraps...More"
"rn399235943","Holy Cow, What a Nightmare","Left a show and thought about something quick, fast and easy. Micky D's is a fallback for those times. Well...don't even think about this place. It was complete chaos. People were 10 deep in 6 lines plus the 30-40 waiting for their food. Each order...More"
"rn398304938","Busy","Mcdonalds on Broadway is a standard chain restaurant near Times Square. It is almost always busy. Food is as expected. The price is right BUT service is slow and it is hard to keep the premises clean. This is a reasoned choice for a quick,...More"
"rn396239462","After theater","I had been an excellente experience at MCD after theather. Just value, hot meal, friendly and it was clean."
"rn392883147","Employees wrong places","lot of employees there to take your order and your money, but no one there to take care of bathrooms. cant they see all the lines at the bathrooms? or do they care only about the money the customers bring in and the bathrooms don't...More"
"rn390321007","Dirty Dirty Dirty","Very dirty and the bathrooms were not enough to deal with the amount of people that come in. Food came fairly quickly and was decent, the environment just wasn't appealing in the slightest."
"rn389779916","Not enough toilets for customers, long queues.","A Big Mac is a Big Mac wherever in the world you go. Only different is this one is in Times Square. Could do with about 10 more toilets."
"rn384930253","McDonald's on Broadway","When we went to Times Square, the kids got hungry and so were the adults and the fast food place we saw was, McDonald's restaurant. This is like no McDonald's you've ever been too. There were around 10 cashiers taking orders, but, they were a...More"
"rn381054796","Good breakfast","We had breakfast our here, the location is very convenient because our hotel is nearby. We loved their Sausage McMuffin biscuit. Its tastes so good."
"rn377711883","Crazy! Crazy! Crazy!","With the hustle and bustle of the Big Apple in the background, waiting for your Happy Meal or whatever tickles your fancy makes it quite the experience waiting for your order! Go and see!"
"rn376602451","Fast Service","Very convenient location - right in Times Square. As you can imagine though, the place was packed. Although our order came quickly which is very important, there was little regard to delivering customer service of any kind."
"rn373827805","Nyc","This branch was at the beginning of Times square this is the one thing i was really wanting to try.....really disappointed.I only eat a mcchicken sandwich it had a spicy coating not for everyone if you don't like spice ate some chips and drank the...More"
"rn372872276","Burnt cow ","We all do that famous , got to go mc d's while your away.
We stopped here for a bite on our first night. We never went back .
My burger was so burnt and dry!!!!!
I couldn't even eat it.
Deffo not one for...More"
"rn372476742","Too busy","Not sure it is always like this but I was there with 100's of cheerleaders, service sucked because all of the people and orders were just thrown at you even if it was something you didn't order or want...."
"rn371264683","A very busy place","We ate in here late one night and what a busy place
Had to wait a long time for our order to be completed.
Certainly not like those in the UK when it comes to the meals,portions seem much larger and when it comes to...More"
"rn371048477","Perfect for a few bites","This is the place which is always packed with people (mind you, most of the places in Times Square). The chicken wrap was excellent! The stuff are not always friendly, probably overworked and fed up with the always present crowd."
"rn369341186","OK Coffee","This is a large McDonalds, but the service in the morning was slow. The coffee was ok at best--they put the milk in and it was too cold. The place was clean and the staf were friendly."
"rn368986111","Surprisingly great burger","I would not normally be a fan of McDonald's food . but have to say it can be very convenient sometimes . Like when are in Times Square new your and everywhere is so busy it was very easy to pop into McDonalds in the...More"
"rn366487938","My last McDonald's review in the trifecta","This place is dirty. The lines are long and people butt-in while the staff takes no notice. If you want to pushed out of the way, deal with panhandle's inside, have trouble finding a place to sit all the while having to eat McDonald's food...More"
"rn366363333","A Familiar Bite In The Heart Of NY.","By far the most recognizable brand on Times Square, this is one McD that's almost always jam packed! Fair warning though; the prices here are slightly higher than the other McDs in town!"
"rn364338226","Breakfast - Times Square","Don't tend to go to McDonald's too much, but do love breakfast. Went on our last day, early, plenty of seating upstairs, nice relaxed breakfast looking out over Times Square.
Did not use the facilities, but can image it as we have seen the crowds...More"
"rn362933708","Worst McDonalds ever","This place is simply filthy. Floors and tables are completely dirty. Food is not hot, and of course, overpriced."
"rn362655504","McDonalds always makes you feel like home","No matter where you are there is always a McDonalds near home. It felt good to have some familiar food. Prices were reasonable for the area. Always fun to have a cone or fries, gotta love them fries."
"rn362636636","mcdonalds next to madamme tussards","Bloody awful. A cut through for the homeless and beggers to prey on you. they took my husbands food as he went to the toilet, then begging cups shoved in your face as you ate, Banned my kids from the toilet just not safe, awful...More"
"rn362269124","Plenty of seats","Went to McDonald's for lunch & it was far the best we have seen in New York . Plenty of seats very clean & tidy . The staff was very nice & helpful if you needed directions .
So if you are in the area...More"
"rn361133498","Quick and easy","Right in time square, we always visit when we are in town, The wait was never long but it was March."
"rn361001327","Disgusting","Waited 15 minutes in line to use the restroom, which was filthy. I know it's in a big city, and it's a McDonalds in a big city at that, but there were no locks, soap, or toilet paper. There was a huge puddle of some...More"
"rn360072566","Surprising good","We had breakfast here on our first morning in New York as our 4 children insisted on eating a McDonalds in America.
The service was good, restaurant clean and the food good."
"rn357180971","First Night of NYC trip Dinner Spot","On the first night of my spring break New York City trip after being on an Amtrak for 12 hours I wanted something cheap and delicious for dinner. My dad got the QPC meal and I got the 10pc McNuggets meal our food was yummy....More"
"rn355769536","frightening at night","the usual but very crowded and dirty--and not safe at all after dark
Still a french fry is a french fry"
"rn353268822","Rude and dirty","We arrived late from our trip, and we saw this Mc´Donalds, the girl who attended us was really rude.
Take care in this MC Donalds, there are lots of thieves checking your stuff.
I dont recommend this MC Donald, it doesnt worth it, there are...More"
"rn352851485","A little messy but good","It's understandable that it's hard for such a restaurant to remain clean, tidy and ordered at this location. But the speed they dealt with our order is a bit more slower, as I felt. Anyway, like the decoration style on its second floor, as well...More"
"rn352484442","Cool view","Just a regular McDonald's. Nothing special, except for the view of Times Square. Take a coffee to warm up and enjoy the view..."
"rn352257518","Late night visit","I visited this McDonald's at night with my lady, and I am glad it was open for business as we were hungry but the state of cleanliness was not existent. There were hobos sleeping in tables and floors and tables not cleaned. It smelled like...More"
"rn350497949","Tooooooo crowded!","Way too crowded. Not even a place to stand!
Not allowed to use the bathroom. Need to explain and beg for the key to the toilet.
It's obvious people are going to come for the bathroom, because you're located on Times Square!
Unfriendly staff. Tables...More"
"rn350115717","An inexpensive place well situated on Times Square","We were in a bit of a hurry, just like most everybody in NYC, and needed a breakfast that was budget-lite...MacD's was ready for us, and right next to our hotel. Breakfast was served promptly, and there was ample seating upstairs. Recommended."
"rn348577027","It's the height of fast food","The only reason I came here was because my 17 year old son wanted a burger. I do not eat anything on the menu because of the fat content."
"rn344512292","Decent quick stop!","Ordering food was intense with the lines, but good food. and they didn't seem to find special orders, just takes a few minutes. Order more than one soda to go! They'll put them in a bag for you! There is a lot of seating upstairs,...More"
"rn343659142","Need the bathroom? Coffee?","Remove yourself from the crush of Times Square by dropping into here. Always a lot of people and a line, but you can get into the bathroom. Probably the cheapest cup of coffee in Times Square."
"rn343501211","Close to Times Square !","Like any other McD, but located in the heart of NYC..Nothing different except the large & shining 'M' - McDonalds logo.."
"rn342452133","Stupid Crowded","Ok, It's McDonald's this just goes to show you that people can be sold on anything and any place when their on vacation. Why on earth is McDonald's so crowded? Because it's on Broadway? People are in here sitting down, talking and having lunch like...More"
"rn341508658","Not lovin it!!!","On our short stay. We stopped here a couple of times. On each occasion there were issues with our orders. On the last occasion the server was so slow the server next to him served four customers to his one.
I placed my order of...More"
"rn340557276","Im Lovin It","Its not your typical MacDonalds. Packed 24/7, several lines 10 deep and 2 stories high. But if you are a Mickey D coffee addict....its the best place to go. The 2nd floor has a stunning view of Times Square....if you don't mind waiting for a...More"
"rn339404198","A good, fast, option in busy Times Square!","This McDonald's is similar to many local McDonald's as far as menu items and prices. However, as it is in the heart of Times Square, it offers a quick break from the hustle and bustle of the area and it is very clean. It also...More"
"rn339238372","Bonkers!! Long question frantic pace utter mayhem!!!","This McDonalds is really busy! Service fast food slow nothing special less than average. Would not go out of my way to go again."
"rn339191484","Location, service and location","We had a nice meal at another restaurant but my jet lagged wife was getting a bit sleepy so we went in to the McDonald’s just for some coffee so she could stay awake for Lion King. It began to drizzle and the lines quickly...More"
"rn338244142","Enjoy the view","Talk about expensive piece of real estate!
A great view out the windows here... it is pretty packed and busy as you would expect. But there must have been 10 cash registers lined up beside each other at the front which is a site I...More"
"rn336518414","awesome view","Try to grab a seat by the window and you will be rewarded with an awesome view of Times Square. It's perfect for crowd watching, if there is nobody eyeing your seat."
"rn335232558","Cheap","Located right next to our hotel. We stopped in for a late night dinner. Very cheap meal. Great staff and service. Crowded, but the line went fast"
"rn335198637","Gat your coffee here","Instead of expensive Starbucks, this is a good place to get your morning coffee. I've learned this trick in many cities around the world."
"rn334765110","A different McDonald`s","Almost all MacDonald´s are very similar, around the world, Moscow, Shanghai, London, or Paris, however , this Broadway one, it is really different in terms of interior design.
The food is exactly the some, as others."
"rn334427179","Great place to get a quick and cheap meal in Time Square.","You would think the prices on time square would be doubled, but the food prices in the McDonald's is the same as the one's near my home in DC. They are fast and easy when you are in a rush with family and don't want...More"
"rn333768144","Quick food","McDonald's is McDonald's. Nothing fancy here! Quick food when you're on the go. Can get a bit busy at times."
"rn332181738","Great location","In the middle of Times Square is perfect! Reminds me of Rock N Roll McDonald's in Chicago. The location is perfect, tons of tourist and always packed. The new all day breakfast menu is a win but it's a limited menu."
"rn332181143","Just what the fast food is","Old McDonald had a farm... Busy- of course, as it is located at Time Square. A huge choice of fast food when you pass by& order a burger for your fast lunch."
"rn330529327","Slow service and rude staff","We went here the first evening we arrived in New York just because we were tired and it was near our hotel but it wasn't a good experience. We waited 30 minutes for our food and had to ask several times where it was. Other...More"
"rn329435725","McDonalds fast food","I like this place. There are so many types of hamburgers my favorite one it`s with bacon. It`s delicious. There is always crowd but I never wait too much for my meal."
"rn329139764","Bustling Times Square McDonalds","As it's in Time Square, it gets very busy but service was quick & efficient. Good spot to people watch if you can get a space near a window. You know what the food's like."
"rn328786933","McDonald's!","Expect the fact that the place was very noisy the day I visited, I enjoyed my quick grub. Loved my happy meal minions :D"
"rn327108452","big crowds","It is right in times square, so they get really busy in here. The staff move through the customers fairly quickly and always seem happy and helpful."
"rn327091434","nice","nice burgers and cola . location is good. But you have to pay for toslets. Bring change with you. Dont forget."
"rn326170588","NIce place to be","Excellent place to be
since they dont serve halal I had fish burger and the ice cream both amazing thanks"
"rn324237539","crowded","its mcdonalds like everywhere.. crowded cheap eat..nothing different..the bathroom is always crowded so if you want to go there to run to the bathroom good luck!"
"rn323277944","A Disappointment","We are big fans of McDonalds, as a rule, because the food is consistent everywhere in the world. Not so at the Times Square location. We had breakfast there twice. The place was packed but the food was good and the service was acceptable. Not...More"
"rn320335388","Why eat at McDonald's?","With all the gourmet restaurants in this exciting city, why would ANYONE go to McDonald's, either here or anywhere else, to eat food that has been washed in ammonia to become \"fit for human consumption\"?"
"rn318078618","Yumm Yumm","I love Mcdonalds! but i came from a country where we need BATHROOMS! we need bathrooms for much people so we dont waste time on lines!.... food is great, prices too, but the personal brings slow service."
"rn317441477","Very slow service and the food was cold.","Nothing much too say except the service was slow and the food was cold. The soda was flat.
wasPrettordinaryordinary experience really."
"rn316951413","Average McD","This is a heavily busy small shop for quick meal in the heart of Downtown. Not so clean and probably one of the average McDs in terms of cleanness I have seen across different places of the World.But for sure the service was quick and...More"
"rn315575683","Inexpensive and tasty for the very very rare treat","Once in awhile a chicken snack wrap with no sauce is just fabulous! On the very very rare occasion, a small fry is the best taste in the world :). Even still about once a year to have a small fry inside a small cheese...More"
"rn315413407","The worse at the world","We went to lunch to this place and we found the must dirty place in NYC, so much crowdy, only one restroom for men and one for women so you can imagine the long files to get it, but the worse part it was the...More"
"rn314078349","Busiest McD","1. Busiest McDonald
2. Right at the spot
3. 24 hours open
4. Good service
5. Good food
6. Extremely good location"
"rn313183379","near to visitors center","This is located right at the times square visitors center. So you can starve and walk till you reach the vistors center and have good food here."
"rn311343248","an old reliable eating option","Strategically located close to time square. It´s a reliable meal when you are far from home and you are in a rush.
Service was fast and good."
"rn307624552","An average Macdonalds that is very busy","Of course always busy and pretty slow service. The food wasn't that hot but I've been to worse places and better ones too!"
"rn306138828","It's Mcdonald's","Crowded but the service was ok. Had to walk upstairs to sit and eat that's what I disliked. The prices were average for Times square"
"rn303696666","LARGEST MCDONALD'S","Just went because it is the largest McDonald's. Same old stuff but, a great people watching place if you can find room. Heard all kids of languages talking and so crowed."
"rn303270817","Chaotic Fast Food","It is for the most part what you would expect. The food quality and service are typical of any McDonalds, however this one is far more crowded than your average neighborhood fast food restaurant.
I would have rated it higher. Its fine that it is...More"
"rn302269850","Burger Times","Try the Beef burger! I liked the quality of the meat. It was tasty. The fillet-o-fish was also damn fresh. The sitting place is a bit shady like the dungeon or like social milieu."
"rn300394156","Next to the Palace Theater","I stopped to have a coffee here before the show at the Palace Theater. While I sat at the window, I watched an artist on the street doing caricatures for $5.00. I proceeded
outside and received a fabulous large rendition of me dancing on the...More"
"rn299992437","Busy McDonald's but a great place for breakfast.","This McDonald's is right in the heart of Times Square so it is extremely busy. It is a great place to have breakfast in the morning, sitting on the second floor looking out the window onto the crowd outside. During the day, don't expect it...More"
"rn299714651","It is what it is, it's Mc Donalds","For a local McDonalds, I thought the service and food was a little above average. The cheeseburger here was better than most of the others I have had recently. What the standout was to give it its very good is a new product called the...More"
"rn299129023","Modern and quick service","Impressive service and seating very modern alot different from Canadian mcDonalds that's for sure ...we ate her a lot as t was fairly priced and our dollar was at a low rate . love those walk up windows bt we did like to go in...More"
"rn298021523","The worst md I have ever had","As a lover of McDonalds I couldn't wait to try my first MD in New York. However I was so disappointed,the burgers were tiny compared to the UK burgers and there was so much salt in it that it was horrible to eat. The fries...More"
"rn296516986","Its convenient but very busy","Whilst you are paying the earth for places to eat around Time Square, the trusted MCD remains loyal, its like every other store but just very busy."
"rn293935096","Eat elsewhere or find a different McDonald's. GO AT YOUR OWN RISK","Just too crowded. Dirty. Loud. This location kind of attracts a lot of the classless characters you may find in Times Square. But at least the employees are kind of nice."
"rn293716778","Staff were rude ","I asked how much it was for a meal and she told me the price and put it on her machine and I said no sorry I don't want that don't have enough and she huffed and puffed at me when it's clearly her fault...More"
"rn293179032","Quick breakfast on the run","Stopped by for a quick breakfast before heading to the airport. Loved the coffee. The sausage and egg biscuit was good. Quick service and easy access."
"rn293106825","McDonalds is a cheap place to rest weary feet","Watch out for panhandlers. They like to interrupt your meal to beg and no-one stops them. You can get some good views from this strategically placed McDonalds and it's a cheap place to sit if you've been on your feet for a long time."
"rn289333946","It's a McDonald's","All I can say is it isn't the cleanest McDonald's I have been to. But to be fair it is very busy and that would make it difficult to keep up with cleanliness."
"rn288675675","Nice Stop for a Break","This whole area is so busy that we decided to pop into McDonalds for a quick bite and to relax. It is a a large restaurant with an upper floor, so there is lots of seating. The service was quick, the lunch was hot, and...More"
"rn286043731","Average MaccyD","Good coffee is all I can say. Food and service very, very average. Only go here if you have no more than $5 on you."
"rn285097843","Good, but...","The good thing about McD is the consistency, almost no matter where you are in the world. There are decent restrooms and usually you can find seats to get some rest during a short brake. The bad thing is that the place is boring and...More"
"rn285076421","Typical McDonald's Fare in a NYC themed restaurant","It is sometimes nice to have an inexpensive familiar meal in NYC. The walls were painted in NYC themes, and it was cool looking inside. The bathroom lines were very long, but I was happy to be able to find seating."
"rn284762274","Sumptuous, affordable meals.","McDonald's is a world citizen, faithfully serving people of diverse backgrounds in all corners of the world. Their meals are classy, tasty, affordable and everything thoroughly clean. I hardly miss it at home in Nigeria, and whenever I travel abroad. I recommend it highly."
"rn282503733","Quick Service","My rating is mostly on the level of service. Our hotel was next door and we grabbed a quick breakfast here several times. They were always packed and moved the lines very quickly and efficiently. Surprisingly the prices were about the same as other McDonalds...More"
"rn282413128","It has a bathroom","Have a coke and a smile. Don't expect the bathroom to be spotless after all of the daily visits but you'll appreciate it being there!!"
"rn281043643","worth it for the price they charge!.","we went early morning for quick and cheap breakfast. worth it for the price they charge!.its open 24 hours."
"rn273665552","Really??? What Planet are you from?","Why on Earth would you go to McDonalds in Times Square?
Ok... it is unlike any other McDonalds on Earth but... for goodness sake...REALLY??? You are in NYC...the foodie capital of the USA (ok, one of them). Are you really too lazy to walk a...More"
"rn271445498","Out side and inside need a facelift","The neon is a bit weary and broken. inside was not so clean but with that many people in and out and using the easiest bathroom it is crazy. NYC put in some kept up pay toilets in public spaces."
"rn267524373","a cheap eat in times square","This is on the main strip in times square but even though this place is always packed the speed of service is very good. I don't like to review fast food because it is what it is. but food in ny is expensive and McDonalds...More"
"rn263599526","Busy! Staff aren't the friendliest.","Right in the middle of Times Square, this McDonald's is ALWAYS busy anytime of the day or night. Staff need to work on their customer service skills though."
"rn259445551","Good because of bathrooms n good place to meet","If you are meeting someone, Mcdonalds is easy to find, because it has a big flag outside. It has several levels and bathroom for free."
"rn257356463","good breakfast spot in Times Square","The McDonalds breakfast is nutritious and reasonably priced in a clean setting in Times Square. We patronized the one near the corner of 46th and 7th. The upstairs dining area is clean, quiet and roomy. It's a nice break from the hustle and bustle of...More"
"rn255616283","Fast, unlimited soda","The easiest and fastest way to get something to eat is mcdonalds, im quite surprised that all drinks are unlimited self-serve as in saudi mcdo and other parts of the world drinks are not unli."
"rn255469990","Horrible","There food is okay but if you were to commit suicide that is were you would go because there ingredients are horrible."
"rn255191750","Just what you want","I went here several times during my stay and found the staff to be efficient at dealing with such large crowds typical for the location, I never felt I had to wait longer than necessary and the patrons queued appropriately (like all other Brits I...More"
"rn255062532","A bit dirty","It's a McDonalds. Very busy. Typical Service quick. But, a bit dirty. Restrooms were quite dirty. Givin the location it's how about what's expected"
"rn253672324","my daughters favorite restaurant","They prepare your food extremely fast,even if there are a lot of people...this is the best McDonalds we have ever been to."
"rn252422068","Is this Serious?","Since when is McDonalds even on the radar for rating and reviewing (in the context of NYC? or even ever?!).
Dont go to McDonalds if you value, well, anything about life."
"rn250858559","this is not even a real food product","McDonald's is garbage. cruel and insidious. eat at your own peril. it's actually a testament to New York and all the great fast food options (falafel, Vietnamese sandwiches, sushi) that there are relatively few McDonald's in this city. It's an evil company and system that...More"
"rn250450136","These guys are like machines!","This was easily the single busiest McDonald's I've ever been to, but the guys SOMEHOW managed to deal with everyone incredibly efficiently. Super service!"
"rn250435721","Service was great!","It is what it is, but the reason for the review is that I couldn't believe we were in and out of there with our food in less than 5 minutes during lunch rush."
"rn247930859","Always crowded","Same prices as anywhere else but due to the location this place was always busy with every walk of life....."
"rn247606833","The real McDonald's","Was very busy on New Year's Day but the staff were courteous and efficient from the word go. Food was served promptly and tasted SO much better than the English equivalents. Only problem was insufficient seating but didn't take too long to find somewhere. How...More"
"rn247159650","Breakfast in America - Golden Arches style","Well I noramally avoid visiting McDonalds whilst abroad simply because I do not use them at home in England and because I always want to sample the local food. On this occasion though I was in TImes Square NYC, so my mantra holds true by...More"
"rn247145165","Worst I've been in","They had a fight between customers at 11pm after Wicked the Musical because one (and older guy who was likely intoxicated) was hollering at a group of young guys and they didn't take it too well. They have security (at McDs?!) who broke it up...More"
"rn245852946","Disgusting place","Visited this place in Times Square and was disgusted. The staff were bickering at each other in front of customers, the food was disgusting. The staff attitudes weren't much better. The upstairs eating place was a pig sty with greasy floors dirty tables and staff...More"
"rn245771921","Ask a couple of a Meals here with Grandchilren!","Close to our hotel in NYC! Picked up dinner here one night & also ate breakfast there on upper floor! Grandkids were thrilled with this McDonalds!"
"rn245244554","Fast food","We went in the Times Square branch it was fast and there hot chocolate is lovely we were in a hurry so had a egg and sausage Mcmuffin no complaints for a cheap fast alternative go Micky Ds .
Also the toilets were clean and...More"
"rn243310300","Typical MCD's - über sized for NYC","Typical McDonald's, just extremely large for NYC's busiest area. Always busy, hard to get a seat. Try to go before the traditional meal times, so you can beat the rush of visitors and then you are more likely to score a table."
"rn243021414","okay","i usually dont like fastfood but for breakfast it worked out okay. the biscuit sandwich is great and if you put fries inside your sandwich and top it off with strawberry shake. delicious"
"rn242916061","PACKED all the time","Good for a quick breakfast very fast service right by the Double Tree which was very convenient. The food was always good"
"rn242334387","thanksgiving getaway","This is quite the Mcdonalds I believe it is 2 stories tall and always busy Sometimes they can't handle the crowd real well. Expect to pay higher prices than you are used to at home but I do believe it is open 24 hours"
"rn241316146","Not that great !","- It's a good choice if you want to eat your meals in the cheapest range.
- Big no for vegetarians as all the food is non-veg.
- Children friendly (possibly because of their USP- Happy Meals)"
"rn240343591","not bad","i ordered a breakfast meal and was served fast. good sandwich and quick service. would eat here again"
"rn239346031","This one is the \"Gold Standard\" for Manhattan McDonald's stores","This McDonald's is in Manhattan at 1651 Broadway (W. 51 Street). (Store #18884). I travel in New England and Florida and have lived in NYC for decades now. Of all the McDonald's stores I have visited in N.Y.C., this one is, quite simply, the BEST!...More"
"rn238457267","Live longer do not eat McD","Yous will pay a lot of money there to get sick .
There junk food was frozen for years .
Go to any other place ."
"rn238158754","Lots of choice as expected!","well located, lots of seating and food options throughout the day. The seating is upstairs, like most places so not ideal if you have access issues."
"rn236859399","crowded but good for a bite","If all the walking makes you hungry in Manhattan then this is a good place to refuel and a rest. Good chicken nuggets and strips.
But also don't over eat and try the local stuff like chicken over rice and kebabs."
"rn236617042","fair in the land of old McDonalds","Quick meal food was warm at best not hot requested to have my double fish and fries cooked fresh. Too busy too really care about your order young workers with attitudes. Got a call to replace my order free after completing survey"
"rn232443503","Maccy D's in Times Square !!","Love it ! great place, great food, amazing location. great prices too. Check out the upstairs eating area that has a lego mini New York City in a glass cabinet."
"rn232151918","Insufficient Washrooms Was Only the Beginning","This is a large McDonalds with two storeys that sits right in the thick of things at Times Square. As such, it was very busy. While the food service was fast, it was very congested just getting in to the restaurant. The floors were dirty...More"
"rn230570166","Useful Backstop","This was a very busy Macdonalds but being right next door to our hotel was handy enough to send our (older) kids down to safely on their own to grab a snack, or to get breakfast. It has thousands of people through it, it is...More"
"rn229439241","McDonalds!","What bad can you say about McDonald's? It was lovely, nice, clear view from second floor, quick service (a lot of traffic of people) but great. IN AND OUT."
"rn229337334","Don't eat at this McDonalds","Okay so you've enjoyed your night out drinking and want to get some carbs in you so you don't feel bad in the morning, DON'T stop at this McDonalds. They closed the restrooms. Where do they expect people to wash there hands before eating. When...More"
"rn228440024","The Times Square McDonalds","The chicken burger was terrible, the place was really busy so it wasn't that it was old, just bad. I'm used to chicken meat, this was more of a mechanically stripped chicken burger."
"rn227825407","No thanks","A 6.00am start meant that we needed to find a breakfast location prior to setting off for The Empire State Building.
From the moment we walked through the door, we realised that this was not like McDonalds at home. The floor was dirty and the...More"
"rn224715425","Fast food","As always, it´s a quick option, specially for breakfast. I was there 2 or 3 times on my 8 day in New York. It´s fast and for those who are desperate, they have free wifi! :-)"
"rn224610175","Very convenient if staying at Doubletree Times Square","We wanted to get a fast start each morning and McDonald's delivered! We stayed at the Doubletree and the McDonald's was only a minute walk away."
"rn224336590","Disappointment at the home of McDonalds!","Visited McDonald's, Time's Square for a quick meal on a sightseeing day out and it was awful! I had imagined McDonald's in America to be the real deal, but how wrong as I! The queues were long, the staff were harassed and unfriendly, the food...More"
"rn222714330","its ok","i liked the fact that they take customers fast the only bad thing about it is how can a cheese burger cost 1.89 i have gone to other mc donalds and they sell it for a dollar what is this has the world cone mad...More"
"rn221880455","Cheap Breakfast","Was staying in the Doubletree Suites at Time Square so went to McDonalds for a take out breakfast. Not too busy in the morning, cheap breakfast and so much more choice than in the UK.
Service was that quick I could leave my hotel room,...More"
"rn221663909","Assistant Manager was a Beotch","Nothing to complain about quality of food. It's Mickey Dees.
What I did want to say, was this little Hispanic manager, female, assisting the cashiers with food orders was a complete BEOTCH. I ordered a 2 cheese burger meal, standard. I didn't care it was...More"
"rn218116280","Convenient when traveling with kids","It has fast service even though it has large crowds all the time, the seating area is a little confusing since it's upstairs."
"rn218038227","Affordable and Delicious Breakfast","Our New York City hotel offered a breakfast buffet for $33 per person. We chose to spend our money on other attractions, so we ate at this McDonalds restaurant each morning during our stay. They provided great service and affordable, delicious food. Three of us...More"
"rn217692326","Sullen service, chaotic queues and the usual McD food.","Staying locally so used this McD for a meal. Servers had no personality, refused to smile and it was almost as if the wholw thing was a serving machine. I watched our server carry a bag to the serving shelf and back about 7 times...More"
"rn217154664","Would not eat here","I personally do not like Mcdonalds. Every time I pass by here there is always someone fighting, soliciting and or its dirty."
"rn216298235","Great Service","Good food and excellent service in a very busy environment. The prices were comparable to other McDonalds and was open 24 hours."
"rn216179281","Good breakfast stop.","This McDonalds is a good breakfast stop. Cheap prices, good meals and fast service. I thought the tator tots here were really good and also enjoyed the breakfast burritos."
"rn215918066","Not so good","Ok keep in mind we're talking about a fast food chain here, that said I went there to try some american fast food in america.
The staff was not attentive, they seemed like they didn't care about the customer or about what they were doing....More"
"rn214505146","Good breakfast food","Although the McDonald's was located in Times Square, they were quick to complete the order and the food was good and hot."
"rn213462922","Close By","The McDonalds in Times Square was adequate, but service very slow. We hit it of a morning, because it was close, was not definitely our first choice, but some times convenience wins out."
"rn211505825","Reliable Restaurant New York style","Okay, you know what you are getting. But what a deal - $20 for a family of four. Clean restrooms. Sandwiched next to Aladdin and behind Newsies! With a marquee out front!"
"rn211110196","amazing view","Usual McDonald's quality, great panorama, beautiful forniture and there are a lot of seats always suitable at any hour, it's just few step from the pumping heart of new York.. Definitively I strongly suggest this place"
"rn210452676","McDonalds Good Food","We went to McDonalds on Time Square once for lunch and once for breakfast. On both occasions the food was good and very tasty. The staff were pleasant and efficient and the restaurant was very clean. We would recommend it."
"rn209308000","Golden Arches in NYC...","For a Canadian family, any of the NYC McDonald's restaurants offer a unique perspective on their creative use of real estate. A Big Mac is a Big Mac but to sit in one of these busy hubs shows you how fast a place this really...More"
"rn208439309","Kinda Scary place","In times square . I had a snack and there were homeless people living upstairs . One of them wanted to sell me some used magazines and would not take no for an answer . I finally had to stand up and tell him to...More"
"rn205875718","Times Square - Brilliant","Very friendly staff and extensive menu - much better than the UK version we are used to. Much better value too. The restaurant itself was so much cleaner than the UK versions and a more 'adult' setting than the UK 'cartoon' restaurants. I now understand...More"
"rn202086261","Large portions","You can order new different food. Was open late. Lots of police using this, so felt safe.
Not rushed able to sit and chill"
"rn201801228","Too busy, crap service","This place is way too busy and the staff are awful.
They don't sell tea!! Which if anyone has ordered tea in the USA knows its just hot water and a teabag on the side which any muppet can do"
"rn198229583","McDonalds's any location, is great and number 1 if U want McDonalds...","This place was amazing, like the best McD's ever!!! Service - amazing! Atmosphere - amazing. Food - ????.. Amazing. Im coming back every night!!! Need to finish with the shakes!!! However, shouldn't this whole rating system have some form of reasonable discretionary weighting to it?...More"
"rn190549988","Queue, pay, collect, eat, skedaddle...","When you have restaurant in one of the most popular tourist spots in the world, it is going to be busy, reeeeaaalllly busy!
This McDonalds had queues right out the door! I have visited here twice, three years apart, and it just gets more and...More"
"rn190422650","how can be?","McDonalds doesn't need any review, just when u will be there take some new with beef. the meat very good taste. lots people and value for NY."
"rn189091087","Good luck finding a seat!","This McDonald's is always jammed packed because it is in the middle of Times Square...but great if you want a quick bite or drink! McDonald's is the same everywhere in the world so you know what to expect!"
"rn188962145","it's Mcdonalds .?","What to say about McDs...it's the same apart from in Times Square it's mobbed with people constantly busy, food is consistent as always staff look uninterested probably because they serve tourists all day and all night but I have I no complaints overall ...if you...More"
"rn188605892","Busy, Busy, Busy","McConald's on 42St is a whirlwind. Two stories and fell of people at all hours. It takes a little while to get your order, but you get fresh fries with that. Typical food, and value, but for lunch on the run, just fine. It's also...More"
"rn187558365","fast food","very fast service, same block as our hotel, handy for breakfast . went to nice restaurants for dinner"
"rn187313970","like everywhere","I expected more but maybe because i only know the swiss standards. I found it confusing that it says everywhere NO LOITERING! hallo? I dont feel as a guest when i read this. But as i said im used to the swiss standards... But it...More"
"rn187313126","Great McDonalds","Very convenient. Lots of seating on second level. Usual McD's menu. Most registers were open during the time we were there. Don't let the crowds fool you. They get the customers through fast."
"rn186769525","Great for a Midnight snack!","Hot french fries from McDonalds are a special treat when it is 29 degrees. Our teenagers just wanted something familiar when they headed back to the hotel around midnight."
"rn186054991","It is 'cheap' and fast","This is a very busy place. And a family of four will spend about $25. This is the best price that you will get in time square but the food is the same as everywhere else."
"rn183997793","quick breakfast","I stayed at the Hilton times square and the mcdonalds is 2 minutes walk away, I went there for breakfast both mornings it was good and quick,but the staff was rude."
"rn183527060","Location Good ... Quality of Service Sucks","When looking for a fast meal, McDonald's seem like a good choice; it's located next to the hotel. However; our food was lousy and the service was worse. I would have been better off at the hotdog stand."
"rn183285366","Good Food","Found the servers very abrupt and rude, but hay its NY we got used to it, why can't they show their staff how to make a cup of tea, the tea bags goes in before the hot water, you are given a tea bag with...More"
"rn181933051","Great food, great service, unclean bathrooms!","The washrooms in most McDonalds need closer monitoring. They are not very sanitary and lots of time there isn't any toilet tissue! I have watched many of the cleaners cleaning tables etc. and very rarely do they clean the chairs or along the outside of...More"
"rn181131577","Sweet Tea in New York","First visit to New York and being from the south, we could not find restaurants offering sweet tea. We were offered tea; however, you cannot sweeten cold tea no matter how many sugar packets you use. The kids saw the golden arches and just had...More"
"rn168122837","Decor is Great, Food is Standard","Stopped at McDonald's for early lunch. It isn't your standard McDonald's. It is a little more expensive being on Times Square and the food is what you get at any other McDonald's. The big difference is the paintings on the walls made it feel more...More"
"rn166797521","Just What You Would Expect, but...","We stopped at McDonalds - actually two of them - for a smoothie only to be told at both stores that the smoothie machine was broken. Not what you wanted to hear after walking all day in 90 degree plus weather!"
"rn166348378","Get it to go!","We were visiting New York on the 4th of July. The kids wanted McD's. We \"stumbled\" into Union city ( all Hispanic ) area. The folks never smiled and the waitress actually suggested that we get it to go. ( actually she said \"you want...More"
"rn165421083","Had to do Maccas in New York","Very crowded. Service and food as usual for Maccas. Small drink was our large though. Had to take our food upstairs. Sat and watched the throng of people, everywhere. If you want a quick bite this is it. An interesting experience. No Mc Cafe though....More"
"rn165340194","I don't like McD's normally, but this one hit the spot.","My family and I ate here three times in a week while staying in the hotel next door. For a chain, the breakfasts were exceptionally good, and I have never had better service in a fast food restaurant. Imagine my order for 5 people including...More"
"rn164298105","WEIRD, EXCUSE ME????","Was really annoyed at the level of service husband and I received at this establishment. A guy began to take our order and DURING the transaction, and without explanation I had somebody else in front of me.WEIRD. I asked why this happened and they couldn't...More"
"rn163971400","McDonald's of Times Square","We only went here because we had our 9 year old granddaughter with us. And, it was worth it. This is an old theatre...when you walk in...you order your food, and once you have your food, then you walk upstairs...either to the 2nd or 3rd...More"
"rn163307351","McDonalds on 42nd Street","I have never rated a McDonalds before, however on this occasion it is well worth it. With our Grand daughter in tow, we ventured into here four times, albiet mainly for hash browns.
Whilst the service on every occasion was excellent, please be careful of...More"
"rn162212734","Dollar Coffee in Time's Square","Come on - where else can you get dollar coffee in Time's Square? Well at this 24 hour McDonalds of course. It's always busy..."
"rn157698557","Consistent and patient","I have seen just about everything in this McDonalds - from frustrated foreign customers who don't understand their options to impatient locals who clearly shouldn't be in Times Square to begin with. Overall the staff is consistent and patient, which is probably harder than it...More"
"rn156199490","It was fine...","If you want to eat almost free, this is your place. We were three people and the food costed only $4 so it was really cheap. Of course the quality wasn't very good, but none of us got sick or anything.
I don't exactly remember...More"
"rn156159361","Yum","The breakfasts were so nice easy and quick kept us going till teatime but do not bet a mcgriddle it is sausage and egg inside a raisin muffin and not very nice at all. I went for the deluxe breakfast which is a sausage and...More"
"rn155997704","McDonalds on Broadway by Times Square Museum","This McDonalds was located just below the Doubletree Times Square hotel. Each morning, one of us would run down there while the others were getting ready. They were quick and efficient, and bagged our food so that it was easy to carry back up to...More"
"rn155862147","It's just a McDonald's with a great location","If you own this store you can't go wrong. With something happening 24 hours a day there is always going to be customers going through the door.
I think it is really designed as basically a take-out store as there is not much in the...More"
"rn155826538","Same food, neat atmosphere","My wife and I popped into McD's on Times Square to take a breather from all of the people! There's nothing special about the food here (it's exactly the same as you'd get elsewhere), but it does have a cool atmosphere (never thought I'd say...More"
"rn155366196","Crowded and bad service","We stopped in to pick up dinner one night. It was right after our broadway show got over and going by the crowds I can guess alot of other people had the same idea.
The restaurant was quite crowded and the staff was not able...More"
"rn155160194","Rest and drink","This a great location and therefore this is a busy outlet. Of course with all the walking and sightseeing you are bound to at least get some refreshments here, which is exactly what we did as the kids wanted milkshakes and ice cream."
"rn154801548","Try it!","I'm rating this McDonald's because of the excellent service we received at breakfast for 3 mornings. The food is the usual food you find at all the McDonald's, but this restaurant was very clean, and the servers were friendly and helpful. One thing I noticed...More"
"rn153899578","Just your normal McDonalds","Normally, I really don't like McDonald's but this place was cool. The first floor was crowded sometimes but the second and third was not really a lot. They were playing music videos and it was cool. I liked using the free WiFi because my hotel...More"
"rn153807499","Okay for a very late night ice cream crave.....","I am not a fan of McDonald's food but will get an oreo blizzard when the ice cream crave hits and nothing else is open."
"rn150795403","Who cares? It's in Times Square!","It was like any other Times Square (busier than the usual of course) but it was in Time Square. If you go in thinking you are going to get a life changing experience, think again. It's the same as the rest. Great place to hang...More"
"rn150461879","Ovine dining at its best","Service with a smile, would u like fries with that ..
The Big Mac is ever popular but women like to choose on entry and forget we're they keep the purse when it comes to paying"
"rn150276983","Exactly what you expect!","Very very busy, took ages to get breakfast, but staff are excellent and free Wi-Fi. Some differences to the UK breakfast menu which were nice to try. McGriddles!"
"rn149353463","Biggest McDonald's in the world","Lots of bright lights outside and 3 floors inside, but I did not like it that it looked like a warehouse. Very dark and metallic inside. Food was good McDonalds though so that was good."
"rn149262459","McDonald's: a local experience","The experience was not great as the staff in the one I visited was rather \" in a hurry\" and the apples of the Happy Meal were a bit old! But I am afraid , not all places share the same level. The one near...More"
"rn148751447","Times Square location","The hot Chocolate was the best and the service on New Years eve at times square was Greta they would come out and take orders, since we could not leave the area otherwise we could not re-enter."
"rn147682122","Never eat at Micky Dees!","Are you kidding me? Nobody should come to NY and eat at McyDees!! Nobody!! Ever! Why come to the greatest city in the world with the greatest array of restaurants if you are going to eat crummy fast food? Do not go to Mickey Dees!"
"rn147482786","you can always trust Maccas","Great location. Fast service, good prices and you always get what you expect. This McDonalds would serve an enormous amount of people and they do it well."
"rn146904777","Great place to eat cheap!","This McDonald's is literally just outside the Port Authority Terminal in Times Square. Service is lightning fast, the staff is courteous and the prices are typical of any McDonald's so very reasonable. My cashier was a little rude but the rest of the staff was...More"
"rn146836222","McD's is McD's","Great location and if you're in the mood for fast food, this place is fast and it's McD's...quality is the same everywhere for the most part. Good people watching...you can sit and eat while watching all the crowds on Times Square."
"rn146034579","Customer service","Poor customer service. When talking to the counter person they wer enot interested or paying attention to what I ordered"
"rn144765967","Fast food with good service","We enjoyed the fast service and the food was okay. We went to the McDonald's in Times Square and we loved the atmosphere because of all of the murals on the walls."
"rn144749913","$1 for any size coffee","I would never rate Mcdonalds, but thought people should know there is an alternative to Starbucks in NYC. McDonalds in Times Square serves any size coffee for $1. GReat deal! Don't know how long it will last, but we chose to stop here every morning...More"
"rn144411457","pretty neat","not the typical McDonalds, this one has 2 floors and of course the New York bling. same food but neat & cheap to eat breakfast"
"rn143792496","same old mcdonalds","the staff dont seem interested and i constantly had to repeat my order , i got what i wanted on my third visit.
third visit i know but my 7 year old likes it ."
"rn143221365","It's a McDonald's","It's a McDonald's and it is in Times Square. Free WiFi was nice as we could update the world on the fun we were having.
Bathroom door apparently had no lock on it so a little awkward if using it."
"rn142359305","Not that good","Did have to try a Mac in the USA, sorry to say very average and must say our burgers at MacDonald’s in Cape Town does taste better."
"rn141459008","The Pits","McDonald's gives fast food a bad name. The coffee is quite good, but everything else is much better at Wendy's or even Burger King."
"rn140552427","Horrid food at McDonalds","The service was mediocre and the quality of food was TERRIBLE!! I realize that McDonalds is not gourmet but it was like eating cardboard."
"rn140535880","Convenience on our doorstep","I had a delicious fresh chicken salad which was a pleasant alternative to the burgers. Located next door to our hotel. Good breakfast options although we didn't have breakfast here. Nuggets a bit more spicey than we used to."
"rn139217927","Cheap meal - GREAT location","Enjoyed the hustle and bustle of McDonalds Times Square - 2 floors of eating areas and it was full of people. Love the New York accents."
"rn135502127","best fastfood ever","mc donalds nice place to talk and seen downstair people walkiing from timesquare. Enjoy the burger and hotchocolate while talking with someone and wathing the people you know outside."
"rn134195128","Slow","Slow service but good oatmeal and coffee :) Lots of sitting room and failry clean."
"rn134070489","familiar menu","Was surprised the prices were the same as they are at home. Extremely crowded and hard to get your order placed and then get your meal thru the crowd."
"rn134023259","Great McD's in Times Square","Across the street from our hotel on Broadway (Times Square) so it was very handy. Yes it was busy and crowded at times but it was a very nice McDonald's as they go. It was very clean, the food was good and the upstairs always...More"
"rn133567068","New York Maccas","My son thought it was great with all the New York stuff upstairs"
"rn132961651","we just had to try it","We had to try a McDonald's in the home of fast food. No different to anywhere else. You know what you are going to get, so there is no excitement before or after."
"rn132961100","Clean, quick, good food","Really cute Mcdonalds here, I liked the decor, the staff seemed really happy to be working there, and it was clean. I was slightly disappointed that they didnt know what a double cheeseburger but hey ho, I gathered id have to just wait till I...More"
"rn132835777","Push, Shove, and Hang On","One of the busiest McDonalds ever. Prefer Danny's next to the Edison. Better food, better prices, and quieter."
"rn132582417","It's just big","I can say there is very few differences between the McDonald's here in the U.K and the ones there. HOWEVER, they are just so much bigger. The drinks are huge! The menu is somewhat different from here, but if you want something that you would...More"
"rn132236722","Wow!","One if not the best Mcdonalds I've ever been to. I've been quite a few times for someone who doesn't like fast food. Everytime has been perfect."
"rn131864920","It's McDonald's","We stayed at the Doubletree next door so this was convenient. Had oatmeal on two occasions and bought soda a few other times. We waited to put our order in,it was very crowded but prices were good and upstairs had plenty of seating. Would go...More"
"rn131543699","Mickey D's rocks","I thought there would be a big Manhattan mark up, but everything was very reasonable. Great place to take a kid, and know they will eat. Hey they are so familiar with the menu they can make their order without reading."
"rn131160838","Yep, it's McDonald's","Just like any other McDonald's in the US. We went in and ate there for the size. it is quite large on Time Square."
"rn130277297","great breakfast.","Although a very busy spot in Times square, we enjoyed a hot cup of coffee and a hot breakfast without having to wait."
"rn130015642","A good spot for breakfast","Free wifi and a hot bowl of oatmeal was a great start to my mornings while in NYC. McDonalds on 7th ave near hotel penn was the location for us!"
